{"name":"data-society_air-traffic-passenger-data","title":"Air Traffic Passenger Data","description":"San Francisco International Airport Report on Monthly Passenger Traffic Statistics by Airline.\n\nSan Francisco International Airport Report on Monthly Passenger Traffic Statistics by Airline. Airport data is seasonal in nature, therefore any comparative analyses should be done on a period-over-period basis (i.e. January 2010 vs. January 2009) as opposed to period-to-period (i.e. January 2010 vs. February 2010). It is also important to note that fact and attribute field relationships are not always 1-to-1. For example, Passenger Counts belonging to United Airlines will appear in multiple attribute fields and are additive, which provides flexibility for the user to derive categorical Passenger Counts as desired.\n\nSource: San Francisco Open Data\n\nhttps://data.sfgov.org/Transportation/Air-Traffic-Passenger-Statistics/rkru-6vcg","homepage":"https://data.world/data-society/air-traffic-passenger-data","resources":[{"name":"air_traffic_passenger_statistics","schema":{"fields":[{"name":"activity_period","title":"Activity Period","type":"integer","rdfType":"http://www.w3.org/2001/XMLSchema#integer","dwSourceId":"activity_period"},{"name":"operating_airline","title":"Operating Airline","type":"string","rdfType":"http://www.w3.org/2001/XMLSchema#string","dwSourceId":"operating_airline"},{"name":"operating_airline_iata_code","title":"Operating Airline IATA Code","type":"string","rdfType":"http://www.w3.org/2001/XMLSchema#string","dwSourceId":"operating_airline_iata_code"},{"name":"published_airline","title":"Published Airline","type":"string","rdfType":"http://www.w3.org/2001/XMLSchema#string","dwSourceId":"published_airline"},{"name":"published_airline_iata_code","title":"Published Airline IATA Code","type":"string","rdfType":"http://www.w3.org/2001/XMLSchema#string","dwSourceId":"published_airline_iata_code"},{"name":"geo_summary","title":"GEO Summary","type":"string","rdfType":"http://www.w3.org/2001/XMLSchema#string","dwSourceId":"geo_summary"},{"name":"geo_region","title":"GEO Region","type":"string","rdfType":"http://www.w3.org/2001/XMLSchema#string","dwSourceId":"geo_region"},{"name":"activity_type_code","title":"Activity Type Code","type":"string","rdfType":"http://www.w3.org/2001/XMLSchema#string","dwSourceId":"activity_type_code"},{"name":"price_category_code","title":"Price Category Code","type":"string","rdfType":"http://www.w3.org/2001/XMLSchema#string","dwSourceId":"price_category_code"},{"name":"terminal","title":"Terminal","type":"string","rdfType":"http://www.w3.org/2001/XMLSchema#string","dwSourceId":"terminal"},{"name":"boarding_area","title":"Boarding Area","type":"string","rdfType":"http://www.w3.org/2001/XMLSchema#string","dwSourceId":"boarding_area"},{"name":"passenger_count","title":"Passenger Count","type":"integer","rdfType":"http://www.w3.org/2001/XMLSchema#integer","dwSourceId":"passenger_count"},{"name":"adjusted_activity_type_code","title":"Adjusted Activity Type Code","type":"string","rdfType":"http://www.w3.org/2001/XMLSchema#string","dwSourceId":"adjusted_activity_type_code"},{"name":"adjusted_passenger_count","title":"Adjusted Passenger Count","type":"integer","rdfType":"http://www.w3.org/2001/XMLSchema#integer","dwSourceId":"adjusted_passenger_count"},{"name":"year","title":"Year","type":"gyear","rdfType":"http://www.w3.org/2001/XMLSchema#gYear","dwSourceId":"year"},{"name":"month","title":"Month","type":"string","rdfType":"http://www.w3.org/2001/XMLSchema#string","dwSourceId":"month"}]},"path":"data/air_traffic_passenger_statistics.csv","format":"csv"},{"name":"original/Air_Traffic_Passenger_Statistics.csv","path":"original/Air_Traffic_Passenger_Statistics.csv","format":"csv","mediatype":"text/csv","bytes":1976711}],"keywords":["data society","air traffic","san francisco","passenger","clustering","classification"]}